Model,Method,iteration_count_mean,iteration_count_std,iteration_count_count,time_spent_sec_mean,time_spent_sec_std,time_spent_sec_count,final_score_mean,final_score_std,final_score_count,satisfaction_score_mean,satisfaction_score_std,satisfaction_score_count
GPT-4o,Ad Hoc,1.925,1.5256356388614234,40,33.26171313575,22.624819621278814,40,96.25,9.040507133494737,40,4.82,0.43394434240774754,40
GPT-4o,PDR,1.85,1.4771767944465153,40,114.52024900849999,93.98521588987501,40,96.25,9.040507133494737,40,,,0
GPT-4o,PDR+Critic,1.55,1.0848608560193684,40,141.5844081105,126.35349136680814,40,98.75,5.518035696578806,40,,,0
GPT-5,Ad Hoc,3.65,1.8885620632287057,40,101.724732426625,129.49732774716622,40,80.0,18.946618668626837,40,4.0200000000000005,0.94222867277263,40
GPT-5,PDR,2.825,1.9985571718694386,40,244.59924016475003,257.27346620361755,40,85.0,20.25478734167333,40,,,0
GPT-5,PDR+Critic,2.875,1.9240382212739635,40,276.5990222285,303.8208559897301,40,82.5,22.072142786315226,40,,,0
